Id,Label,timeset,lat,lng,kind of node,cityquartier,modularity_class,Eccentricity,closnesscentrality,harmonicclosnesscentrality,betweenesscentrality,indegree,outdegree,Degree,weighted indegree,weighted outdegree,Weighted Degree,pr_indegree,pr_indegree_normalized,pr_domain,pr_proximity,pr_rank,pr_rank_min-max-normalized
https://www.instagram.com/1080i_events/,1080i_events,,,,a,DuisburgRuhrort,2,3,0.486842,0.534234,201.526463,12,24,36,12,24,36,12,0.056872,0.810427,0.344734,154.295672,0.073099
https://www.instagram.com/3te_etage/,3te_etage,,,,a,DuisburgRuhrort,2,4,0.440476,0.491441,107.2264,11,20,31,11,20,31,11,0.052133,0.810427,0.305923,257.025892,0.121769
https://www.instagram.com/bierbudeduisburg/,bierbudeduisbur,,51.43237,6.763702,a,DuisburgRuhrort,2,4,0.504087,0.584685,314.035802,43,44,87,43,44,87,43,0.203791,0.810427,0.40169,925.8262,0.438621
https://www.instagram.com/cafe_duisburg/,cafe_duisburg,,,,a,DuisburgRuhrort,2,4,0.463659,0.530631,103.147489,21,28,49,21,28,49,21,0.099526,0.810427,0.355341,462.798246,0.219256
https://www.instagram.com/cafeevergreenduisburg/,cafeevergreenduisburg,,,,a,DuisburgRuhrort,2,3,0.622896,0.726126,2833.650599,64,89,153,64,89,153,64,0.303318,0.810427,0.448488,1439.857102,0.682149
https://www.instagram.com/coolibrimagazin/,coolibrimagazin,,,,a,DuisburgRuhrort,3,4,0.391121,0.433784,200.476615,36,10,46,36,10,46,36,0.170616,0.810427,0.414919,874.530248,0.414319
https://www.instagram.com/das_city_atelier/,das_city_atelier,,,,a,DuisburgRuhrort,2,4,0.527066,0.60045,261.371555,28,46,74,28,46,74,28,0.132701,0.810427,0.367594,719.899846,0.341061
https://www.instagram.com/derbutterwegge/,derbutterwegge,,,,a,DuisburgRuhrort,0,4,0.361328,0.386486,303.484817,18,4,22,18,4,22,18,0.085308,0.810427,0.359956,411.510799,0.194958
https://www.instagram.com/duistopia/,duistopia,,,,a,DuisburgRuhrort,2,4,0.449029,0.495495,61.358133,45,17,62,45,17,62,45,0.21327,0.810427,0.402857,822.839669,0.38983
https://www.instagram.com/filmforum_duisburg/,filmforum_duisbur,,51.43069,6.761267,a,DuisburgRuhrort,2,4,0.398707,0.437387,96.663119,43,7,50,43,7,50,43,0.203791,0.810427,0.394823,977.263782,0.46299
https://www.instagram.com/glueck_friseur.cafe/,glueck_friseur.caf,,51.434731,6.764821,a,DuisburgRuhrort,2,3,0.665468,0.791892,4101.125767,57,120,177,57,120,177,57,0.270142,0.810427,0.423801,1182.953927,0.560438
https://www.instagram.com/herzderstadt/,herzderstadt,,,,a,DuisburgRuhrort,2,3,0.512465,0.576577,433.679817,35,38,73,35,38,73,35,0.165877,0.810427,0.393702,565.721317,0.268017
https://www.instagram.com/indieduisburg/,indieduisbur,,51.347474,6.778583,a,DuisburgRuhrort,2,4,0.427252,0.462613,9.899714,12,7,19,12,7,19,12,0.056872,0.810427,0.338834,257.163672,0.121834
https://www.instagram.com/kalt_weiss_trocken/,kalt_weiss_trocke,,51.43105,6.795594,a,DuisburgRuhrort,2,4,0.460199,0.511261,202.927865,31,21,52,31,21,52,31,0.146919,0.810427,0.368572,874.152493,0.41414
https://www.instagram.com/korrekt_streetwear/,korrekt_streetwea,,51.434022,6.764233,a,DuisburgRuhrort,2,4,0.492021,0.558108,74.905713,22,34,56,22,34,56,22,0.104265,0.810427,0.356254,411.175,0.194799
https://www.instagram.com/moersfestival/,moersfestival,,,,a,DuisburgRuhrort,0,4,0.424312,0.468018,922.565019,15,12,27,15,12,27,15,0.07109,0.810427,0.347326,257.066749,0.121788
https://www.instagram.com/nachtstrolche/,nachtstrolche,,,,a,DuisburgRuhrort,2,4,0.481771,0.53018,68.404523,14,23,37,14,23,37,14,0.066351,0.810427,0.341337,411.317844,0.194866
https://www.instagram.com/onkelstereo/,onkelstere,,51.432423,6.763215,a,DuisburgRuhrort,2,4,0.481771,0.536486,188.151064,45,26,71,45,26,71,45,0.21327,0.810427,0.404032,1028.394896,0.487214
https://www.instagram.com/pommeserei/,pommeserei,,,,a,DuisburgRuhrort,2,4,0.470738,0.517117,102.062756,31,20,51,31,20,51,31,0.146919,0.810427,0.381771,720.110169,0.34116
https://www.instagram.com/pwdrums_/,pwdrums_,,,,a,DuisburgRuhrort,2,4,0.444712,0.477027,17.609635,4,9,13,4,9,13,4,0.018957,0.810427,0.292369,51.434731,0.024368
https://www.instagram.com/radio_duisburg/,radio_duisburg,,,,a,DuisburgRuhrort,3,4,0.522599,0.60991,1674.142735,77,52,129,77,52,129,77,0.364929,0.810427,0.471371,2007.940873,0.951285
https://www.instagram.com/rooftopsessionde/,rooftopsessionde,,,,a,DuisburgRuhrort,2,4,0.424312,0.458108,208.041196,6,8,14,6,8,14,6,0.028436,0.810427,0.275513,51.236247,0.024274
https://www.instagram.com/roskothen1879/,roskothen1879,,,,a,DuisburgRuhrort,2,4,0.512465,0.575225,340.606574,40,37,77,40,37,77,40,0.189573,0.810427,0.388188,976.93906,0.462836
https://www.instagram.com/weloveludgeriplatz/,weloveludgeriplatz,,,,a,DuisburgRuhrort,2,3,0.665468,0.768468,3181.345918,53,103,156,53,103,156,53,0.251185,0.810427,0.429049,1388.534403,0.657834
https://www.instagram.com/zooduisburg/,zooduisbur,,51.436348,6.806277,a,DuisburgRuhrort,3,5,0.367063,0.405225,104.490491,41,6,47,41,6,47,41,0.194313,0.810427,0.398227,1131.598291,0.536107
https://www.instagram.com/alittlebitof_duisburg/,alittlebitof_duisburg,,,,a,DuisburgRuhrort,2,4,0.534682,0.63018,391.39887,31,60,91,31,60,91,31,0.146919,0.810427,0.384953,617.242777,0.292426
https://www.instagram.com/dellplatz/,dellplat,,51.236247,6.877139,a,DuisburgRuhrort,2,3,0.505464,0.57027,236.108925,22,37,59,22,37,59,22,0.104265,0.810427,0.351733,411.457984,0.194933
https://www.instagram.com/duisburg_de/,duisburg_de,,,,a,DuisburgRuhrort,3,4,0.43943,0.521622,678.637356,79,34,113,79,34,113,79,0.374408,0.810427,0.472979,2110.767787,1
https://www.instagram.com/edel_duisburg/,edel_duisbur,,51.433028,6.787585,a,DuisburgRuhrort,2,4,0.432243,0.472973,102.865271,27,11,38,27,11,38,27,0.127962,0.810427,0.362783,874.122433,0.414125
https://www.instagram.com/hauschildweine/,hauschildwein,,51.43497,6.78969,a,DuisburgRuhrort,2,4,0.473146,0.531532,125.775227,17,26,43,17,26,43,17,0.080569,0.810427,0.330747,359.844665,0.17048
https://www.instagram.com/klaus_artwork79/,klaus_artwork7,,51.486916,6.607501,a,DuisburgRuhrort,2,4,0.430233,0.461712,14.699896,9,5,14,9,5,14,9,0.042654,0.810427,0.319316,154.480138,0.073187
https://www.instagram.com/kreativweide/,kreativweid,,51.428787,6.779495,a,DuisburgRuhrort,2,4,0.473146,0.522973,244.459126,7,22,29,7,22,29,7,0.033175,0.810427,0.323037,154.317843,0.07311
https://www.instagram.com/lehmbruckmuseum/,lehmbruckmuseu,,51.431115,6.765564,a,DuisburgRuhrort,3,4,0.411111,0.46036,53.873484,30,14,44,30,14,44,30,0.14218,0.810427,0.388188,668.728527,0.316818
https://www.instagram.com/platzhirschfestival/,platzhirschfestiva,,51.43069,6.761267,a,DuisburgRuhrort,2,4,0.536232,0.617568,1860.029669,61,52,113,61,52,113,61,0.2891,0.810427,0.444176,1491.221691,0.706483
https://www.instagram.com/pottspott/,pottspott,,,,a,DuisburgRuhrort,1,4,0.434272,0.477928,448.236213,26,13,39,26,13,39,26,0.123223,0.810427,0.369555,565.57895,0.267949
https://www.instagram.com/sabinski.duisburg/,sabinski.duisbur,,51.432423,6.763215,a,DuisburgRuhrort,2,4,0.45679,0.511261,26.424938,18,21,39,18,21,39,18,0.085308,0.810427,0.338834,360.08372,0.170594
https://www.instagram.com/weinkonifere71/,weinkonifere71,,,,a,DuisburgRuhrort,2,4,0.417607,0.456306,2.020257,4,7,11,4,7,11,4,0.018957,0.810427,0.288114,102.869701,0.048736
https://www.instagram.com/wufpicky20/,,,,,,,2,4,0.444712,0.486486,5.790061,4,12,16,4,12,16,4,0.018957,0.810427,0.304578,154.324124,0.073113
https://www.instagram.com/aktuellestunde/,aktuellestunde,,,,a,DuisburgRuhrort,1,7,0.22561,0.249344,42.781396,33,4,37,33,4,37,33,0.156398,0.810427,0.399374,669.323528,0.3171
https://www.instagram.com/hierundheute_wdr/,hierundheute_wdr,,,,a,DuisburgRuhrort,1,7,0.226438,0.253398,53.235021,10,5,15,10,5,15,10,0.047393,0.810427,0.353528,154.79545,0.073336
https://www.instagram.com/markt.wdr/,markt.wdr,,,,a,DuisburgRuhrort,1,6,0.252732,0.278018,25.815793,7,5,12,7,5,12,7,0.033175,0.810427,0.332333,102.889154,0.048745
https://www.instagram.com/wdr/,wdr,,,,a,DuisburgRuhrort,1,6,0.275708,0.307297,336.586169,38,6,44,38,6,44,38,0.180095,0.810427,0.431723,926.468594,0.438925
https://www.instagram.com/wdr2/,wdr,,51.906295,8.819484,a,DuisburgRuhrort,1,6,0.279035,0.306396,224.241672,20,4,24,20,4,24,20,0.094787,0.810427,0.383886,360.111187,0.170607
https://www.instagram.com/alex.schroer.look/,alex.schroer.loo,,51.428241,6.777329,a,DuisburgRuhrort,0,4,0.441527,0.482883,532.357917,10,14,24,10,14,24,10,0.047393,0.810427,0.334741,205.554003,0.097384
https://www.instagram.com/cafemondrian/,cafemondrian,,,,a,DuisburgRuhrort,0,5,0.309365,0.332703,56.209127,8,3,11,8,3,11,8,0.037915,0.810427,0.320053,257.342962,0.121919
https://www.instagram.com/djaezz/,djaez,,51.431859,6.768154,a,DuisburgRuhrort,2,4,0.508242,0.573874,621.879987,33,37,70,33,37,70,33,0.156398,0.810427,0.388188,719.821068,0.341023
https://www.instagram.com/duisburg_unverpackt/,duisburg_unverpack,,51.42967,6.782467,a,DuisburgRuhrort,2,4,0.408389,0.436937,30.396531,34,4,38,34,4,38,34,0.161137,0.810427,0.392586,771.460185,0.365488
https://www.instagram.com/duisburgerphilharmoniker/,duisburgerphilharmoniker,,,,a,DuisburgRuhrort,3,4,0.478036,0.545495,309.863585,30,32,62,30,32,62,30,0.14218,0.810427,0.391477,823.056046,0.389932
https://www.instagram.com/heartfeltfestival/,heartfeltfestiva,,51.438241,6.554622,a,DuisburgRuhrort,0,4,0.391949,0.438739,759.284029,13,14,27,13,14,27,13,0.061611,0.810427,0.318581,205.859203,0.097528
https://www.instagram.com/rockitfestivalmoers/,rockitfestivalmoer,,51.452869,6.640349,a,DuisburgRuhrort,0,4,0.400433,0.453153,464.540328,15,17,32,15,17,32,15,0.07109,0.810427,0.267535,257.135101,0.121821
https://www.instagram.com/sarahstrillinger/,sarahstrillinger,,,,a,DuisburgRuhrort,2,4,0.44686,0.504955,46.777434,9,21,30,9,21,30,9,0.042654,0.810427,0.329959,205.697382,0.097451
https://www.instagram.com/simply_coffeedu/,simply_coffeed,,51.436154,6.770374,a,DuisburgRuhrort,2,4,0.419501,0.472072,117.322252,29,16,45,29,16,45,29,0.137441,0.810427,0.386025,617.124445,0.29237
https://www.instagram.com/tempel_f_o_l_k/,tempel_f_o_l_k,,,,a,DuisburgRuhrort,0,4,0.354406,0.385586,227.033613,7,8,15,7,8,15,7,0.033175,0.810427,0.274966,205.86089,0.097529
https://www.instagram.com/alfredscafe_duisburg/,alfredscafe_duisbur,,51.419955,6.782738,a,DuisburgRuhrort,2,4,0.454545,0.497748,25.363536,16,15,31,16,15,31,16,0.075829,0.810427,0.358095,359.749077,0.170435
https://www.instagram.com/anisundzauber/,anisundzaube,,51.435028,6.75874,a,DuisburgRuhrort,2,4,0.444712,0.485135,87.83258,13,12,25,13,12,25,13,0.061611,0.810427,0.351733,205.516743,0.097366
https://www.instagram.com/duisburg_tourismus/,duisburg_tourismus,,,,a,DuisburgRuhrort,3,4,0.504087,0.584685,877.334356,63,44,107,63,44,107,63,0.298578,0.810427,0.441347,1645.960942,0.779793
https://www.instagram.com/indieduisburgoffiziell/,indieduisburgoffiziell,,,,a,DuisburgRuhrort,2,4,0.457921,0.506306,18.142477,17,19,36,17,19,36,17,0.080569,0.810427,0.347326,565.566563,0.267944
https://www.instagram.com/bdkjduisburg/,bdkjduisbur,,51.430852,0.760763,a,DuisburgRuhrort,2,4,0.492021,0.561261,582.97201,13,36,49,13,36,49,13,0.061611,0.810427,0.333132,205.706783,0.097456
https://www.instagram.com/buchhandlungscheuermann/,buchhandlungscheuerman,,51.432075,6.761839,a,DuisburgRuhrort,2,4,0.471939,0.518919,75.002365,16,20,36,16,20,36,16,0.075829,0.810427,0.353528,360.037198,0.170572
https://www.instagram.com/cafe_kurz_ruhrort/,cafe_kurz_ruhror,,51.455384,6.735188,a,DuisburgRuhrort,3,4,0.530086,0.61982,861.642348,23,61,84,23,61,84,23,0.109005,0.810427,0.364692,411.170477,0.194797
https://www.instagram.com/dascafeduisburg/,dascafeduisbur,,51.429153,6.763747,a,DuisburgRuhrort,2,4,0.470738,0.523423,89.671837,22,23,45,22,23,45,22,0.104265,0.810427,0.359023,565.57774,0.267949
https://www.instagram.com/deinnrw/,deinnrw,,,,a,DuisburgRuhrort,3,5,0.324561,0.364324,97.194795,34,7,41,34,7,41,34,0.161137,0.810427,0.416165,874.305662,0.414212
https://www.instagram.com/duisburg_und_mehr/,duisburg_und_mehr,,,,a,DuisburgRuhrort,2,4,0.521127,0.602252,223.143671,18,48,66,18,48,66,18,0.085308,0.810427,0.348198,514.260789,0.243637
https://www.instagram.com/duisburg.de/,duisburg.de,,,,a,DuisburgRuhrort,3,4,0.362745,0.400901,19.167319,37,8,45,37,8,45,37,0.175355,0.810427,0.392586,771.516158,0.365514
https://www.instagram.com/duisburgerfilmwoche/,duisburgerfilmwoch,,51.43069,6.761267,a,DuisburgRuhrort,2,4,0.492021,0.552703,111.904928,21,32,53,21,32,53,21,0.099526,0.810427,0.363735,617.158535,0.292386
https://www.instagram.com/duisburgistecht/,duisburgistecht,,,,a,DuisburgRuhrort,3,4,0.51105,0.592342,497.915368,46,46,92,46,46,92,46,0.218009,0.810427,0.40169,1285.621172,0.609078
https://www.instagram.com/duisburgsmartcity/,duisburgsmartcit,,51.435559,6.758433,a,DuisburgRuhrort,3,5,0.381443,0.428108,26.958366,40,11,51,40,11,51,40,0.189573,0.810427,0.397086,977.255797,0.462986
https://www.instagram.com/duisport/,duisport,,,,a,DuisburgRuhrort,3,4,0.490716,0.575676,818.376518,42,44,86,42,44,86,42,0.199052,0.810427,0.406402,925.885593,0.438649
https://www.instagram.com/fino_duisburg/,fino_duisbur,,51.43306,6.765276,a,DuisburgRuhrort,2,5,0.355769,0.386757,59.827822,26,4,30,26,4,30,26,0.123223,0.810427,0.366622,617.170381,0.292391
https://www.instagram.com/freizeit_ruhr/,freizeit_ruh,,51.438139,7.287459,a,DuisburgRuhrort,3,5,0.300325,0.328378,2.798543,16,4,20,16,4,20,16,0.075829,0.810427,0.361835,514.635191,0.243814
https://www.instagram.com/fwdu_lz730/,fwdu_lz730,,,,a,DuisburgRuhrort,3,4,0.4625,0.537838,113.258948,23,34,57,23,34,57,23,0.109005,0.810427,0.348198,411.445808,0.194927
https://www.instagram.com/heimatliebe_duisburg/,heimatliebe_duisburg,,,,a,DuisburgRuhrort,3,4,0.483029,0.560811,62.345552,28,39,67,28,39,67,28,0.132701,0.810427,0.364692,565.652196,0.267984
https://www.instagram.com/koenigsgalerie_duisburg/,koenigsgalerie_duisbur,,51.433266,6.762537,a,DuisburgRuhrort,3,4,0.476804,0.554505,57.269288,29,38,67,29,38,67,29,0.137441,0.810427,0.366622,668.321125,0.316625
https://www.instagram.com/landschaftsparkduisburgnord/,landschaftsparkduisburgnor,,51.481546,6.782661,a,DuisburgRuhrort,3,4,0.437352,0.516667,566.199222,52,31,83,52,31,83,52,0.246445,0.810427,0.430382,1337.225031,0.633525
https://www.instagram.com/limas_duisburg/,limas_duisbur,,51.417554,6.779908,a,DuisburgRuhrort,2,4,0.433255,0.461712,65.725039,27,6,33,27,6,33,27,0.127962,0.810427,0.361835,565.719355,0.268016
https://www.instagram.com/museumkueppersmuehle/,museumkueppersmuehl,,51.441271,6.774155,a,DuisburgRuhrort,3,4,0.421412,0.482883,81.576884,23,21,44,23,21,44,23,0.109005,0.810427,0.375564,565.974472,0.268137
https://www.instagram.com/operamrhein/,operamrhei,,51.43454,6.769807,a,DuisburgRuhrort,3,5,0.390295,0.433874,14.679785,23,9,32,23,9,32,23,0.109005,0.810427,0.366622,514.499674,0.24375
https://www.instagram.com/pottleben.de/,pottleben.de,,,,a,DuisburgRuhrort,3,4,0.467172,0.521171,830.281545,30,22,52,30,22,52,30,0.14218,0.810427,0.384953,514.558111,0.243778
https://www.instagram.com/pottpinsel/,pottpinsel,,,,a,DuisburgRuhrort,1,5,0.351044,0.398649,58.515596,7,12,19,7,12,19,7,0.033175,0.810427,0.312124,102.88683,0.048744
https://www.instagram.com/ruhrpottblick/,ruhrpottblick,,,,a,DuisburgRuhrort,3,5,0.373737,0.418108,464.092225,28,9,37,28,9,37,28,0.132701,0.810427,0.390374,463.353107,0.219519
https://www.instagram.com/ruhrpottroamers/,ruhrpottroamer,,51.522289,7.454711,a,DuisburgRuhrort,3,5,0.377551,0.430721,65.440744,24,14,38,24,14,38,24,0.113744,0.810427,0.376584,514.475947,0.243739
https://www.instagram.com/ruhrtourismus/,ruhrtourismu,,51.490792,6.883618,a,DuisburgRuhrort,3,4,0.397849,0.448649,297.672244,49,14,63,49,14,63,49,0.232227,0.810427,0.421225,1028.826401,0.487418
https://www.instagram.com/stadtbibliothek.duisburg/,stadtbibliothek.duisburg,,,,a,DuisburgRuhrort,3,5,0.386221,0.433514,33.927799,43,11,54,43,11,54,43,0.203791,0.810427,0.395951,1079.986115,0.511656
https://www.instagram.com/stadtentwicklung.duisburg.blog/,stadtentwicklung.duisburg.blog,,,,a,DuisburgRuhrort,2,4,0.524079,0.614865,236.606764,33,54,87,33,54,87,33,0.156398,0.810427,0.382826,771.265684,0.365396
https://www.instagram.com/stadtwerke_sommerkino/,stadtwerke_sommerkin,,51.481546,6.782661,a,DuisburgRuhrort,3,5,0.30782,0.335225,0.799653,31,2,33,31,2,33,31,0.146919,0.810427,0.375564,771.568247,0.365539
https://www.instagram.com/stadtwerketurm/,stadtwerketur,,51.429891,6.753583,a,DuisburgRuhrort,3,4,0.493333,0.575225,104.871565,33,43,76,33,43,76,33,0.156398,0.810427,0.383886,617.051031,0.292335
https://www.instagram.com/startport/,startpor,,51.440822,6.771672,a,DuisburgRuhrort,3,5,0.37,0.418919,155.158918,10,11,21,10,11,21,10,0.047393,0.810427,0.306599,308.427204,0.146121
https://www.instagram.com/studio.duisburg/,studio.duisbur,,51.390121,6.751499,a,DuisburgRuhrort,3,4,0.4102,0.446847,43.378348,22,7,29,22,7,29,22,0.104265,0.810427,0.362783,411.4468,0.194928
https://www.instagram.com/support_your_locals_duisburg/,support_your_locals_duisburg,,,,a,DuisburgRuhrort,2,4,0.5,0.567117,579.741358,38,36,74,38,36,74,38,0.180095,0.810427,0.372535,1080.075177,0.511698
https://www.instagram.com/uni_duisburg_essen/,uni_duisburg_esse,,51.428157,6.801194,a,DuisburgRuhrort,3,5,0.374494,0.416486,95.953094,47,8,55,47,8,55,47,0.222749,0.810427,0.404032,1285.823072,0.609173
https://www.instagram.com/vhs_duisburg/,vhs_duisbur,,51.405578,6.708934,a,DuisburgRuhrort,3,4,0.447942,0.515315,102.613065,34,27,61,34,27,61,34,0.161137,0.810427,0.387103,771.524893,0.365519
https://www.instagram.com/waz_gastrotipps_du/,waz_gastrotipps_du,,,,a,DuisburgRuhrort,2,4,0.530086,0.616216,531.208317,38,53,91,38,53,91,38,0.180095,0.810427,0.392586,927.813204,0.439562
https://www.instagram.com/wirtschaftsbetriebe_duisburg/,wirtschaftsbetriebe_duisbur,,51.443664,6.770638,a,DuisburgRuhrort,3,4,0.45122,0.517117,153.428951,41,27,68,41,27,68,41,0.194313,0.810427,0.392586,925.917928,0.438664
https://www.instagram.com/wohneninduisburg/,wohneninduisburg,,,,a,DuisburgRuhrort,2,3,0.557229,0.64955,333.4714,16,64,80,16,64,80,16,0.075829,0.810427,0.333935,308.6875,0.146244
https://www.instagram.com/cafe_liebelein/,cafe_liebelei,,51.347494,6.77854,a,DuisburgRuhrort,2,4,0.492021,0.563514,105.447695,15,37,52,15,37,52,15,0.07109,0.810427,0.325312,308.519498,0.146165
https://www.instagram.com/oliver_harbring/,oliver_harbring,,,,a,DuisburgRuhrort,3,4,0.524079,0.614865,263.021068,34,55,89,34,55,89,34,0.161137,0.810427,0.387103,977.170529,0.462946
https://www.instagram.com/olli_und_jana/,olli_und_jana,,,,a,DuisburgRuhrort,3,4,0.525568,0.606757,296.846878,30,50,80,30,50,80,30,0.14218,0.810427,0.384953,823.042965,0.389926
https://www.instagram.com/anker_ruhrort/,anker_ruhror,,51.453875,6.731072,a,DuisburgRuhrort,2,5,0.358527,0.387207,58.447884,11,2,13,11,2,13,11,0.052133,0.810427,0.353528,207.90504,0.098497
https://www.instagram.com/ann.efeu/,ann.efeu,,,,a,DuisburgRuhrort,2,4,0.416667,0.446396,2.535171,3,3,6,3,3,6,3,0.014218,0.810427,0.283981,102.850149,0.048726
https://www.instagram.com/cafekasbar/,cafekasba,,51.415417,6.761965,a,DuisburgRuhrort,2,4,0.416667,0.45045,31.871401,12,7,19,12,7,19,12,0.056872,0.810427,0.340499,257.059838,0.121785
https://www.instagram.com/atlantic_moers/,atlantic_moer,,51.451659,6.623326,a,DuisburgRuhrort,0,5,0.318966,0.345315,6.228709,5,5,10,5,5,10,5,0.023697,0.810427,0.253351,51.452869,0.024376
https://www.instagram.com/chamaeleon_band/,chamaeleon_band,,,,a,DuisburgRuhrort,0,4,0.344507,0.388739,43.231367,11,14,25,11,14,25,11,0.052133,0.810427,0.246589,154.342769,0.073122
https://www.instagram.com/saphijo/,saphijo,,,,a,DuisburgRuhrort,0,4,0.355769,0.402252,122.068859,10,15,25,10,15,25,10,0.047393,0.810427,0.246151,154.342769,0.073122
https://www.instagram.com/bdkjkr/,bdkjkr,,,,a,DuisburgRuhrort,0,6,0.219194,0.238378,266.568831,4,3,7,4,3,7,4,0.018957,0.810427,0.257111,154.086339,0.073
https://www.instagram.com/du_tours/,du_tour,,51.454423,6.729322,a,DuisburgRuhrort,3,3,0.604575,0.716216,1900.231056,49,88,137,49,88,137,49,0.232227,0.810427,0.421225,1082.242907,0.512725
https://www.instagram.com/passione_espresso/,passione_espress,,51.432503,6.768048,a,DuisburgRuhrort,2,5,0.333935,0.353153,0.515321,12,1,13,12,1,13,12,0.056872,0.810427,0.322286,308.602267,0.146204
https://www.instagram.com/bi_royal_krefeld/,bi_royal_krefel,,51.327752,6.557583,a,DuisburgRuhrort,0,6,0.218935,0.235676,0,3,2,5,3,2,5,3,0.014218,0.810427,0.207459,51.318845,0.024313
https://www.instagram.com/cafeoje/,cafeoj,,51.336642,6.567809,a,DuisburgRuhrort,0,6,0.218935,0.235676,0.5,4,2,6,4,2,6,4,0.018957,0.810427,0.207771,102.646597,0.04863
https://www.instagram.com/freizeitzentrumsued/,freizeitzentrumsue,,51.318845,6.574784,a,DuisburgRuhrort,0,5,0.279456,0.31,547,4,4,8,4,4,8,4,0.018957,0.810427,0.207771,102.664394,0.048638
https://www.instagram.com/brauprojekt_777/,brauprojekt_77,,51.610378,6.623138,a,DuisburgRuhrort,2,4,0.436321,0.465315,3.707314,5,5,10,5,5,10,5,0.023697,0.810427,0.304578,154.354018,0.073127
https://www.instagram.com/fraeuleinbetty_duisburg/,fraeuleinbetty_duisbur,,51.435783,6.759754,a,DuisburgRuhrort,2,4,0.488127,0.542793,290.064307,18,27,45,18,27,45,18,0.085308,0.810427,0.361835,413.626698,0.19596
https://www.instagram.com/heimatshoppen_ndrh/,heimatshoppen_ndrh,,,,a,DuisburgRuhrort,3,4,0.436321,0.471171,68.260697,21,9,30,21,9,30,21,0.099526,0.810427,0.375564,565.926595,0.268114
https://www.instagram.com/msvduisburg/,msvduisbur,,51.409118,6.778602,a,DuisburgRuhrort,3,5,0.360624,0.393514,138.091026,42,4,46,42,4,46,42,0.199052,0.810427,0.397086,1131.581263,0.536099
https://www.instagram.com/weinvilla/,weinvill,,51.433167,6.788107,a,DuisburgRuhrort,2,4,0.383817,0.41982,8.088184,19,6,25,19,6,25,19,0.090047,0.810427,0.361835,360.105726,0.170604
https://www.instagram.com/wir_der_westen/,wir_der_westen,,,,a,DuisburgRuhrort,1,5,0.372233,0.42009,323.300428,9,11,20,9,11,20,9,0.042654,0.810427,0.338834,154.389391,0.073144
https://www.instagram.com/biergartenhafensturm/,biergartenhafenstur,,51.454776,6.719291,a,DuisburgRuhrort,3,4,0.4102,0.446847,26.605693,9,8,17,9,8,17,9,0.042654,0.810427,0.333132,310.818241,0.147254
https://www.instagram.com/fritzkola/,fritzkola,,,,a,DuisburgRuhrort,2,0,0,0,0,4,0,4,4,0,4,4,0.018957,0.815166,0.293938,205.654555,0.097431
https://www.instagram.com/koenigpilsener/,koenigpilsene,,51.490092,6.872449,a,DuisburgRuhrort,3,4,0.433255,0.472072,222.671993,19,9,28,19,9,28,19,0.090047,0.810427,0.363735,463.010736,0.219357
https://www.instagram.com/restaurantrenzis/,restaurantrenzi,,51.477418,6.668007,a,DuisburgRuhrort,5,3,0.443645,0.481081,191.723164,9,13,22,9,13,22,9,0.042654,0.810427,0.306599,259.361671,0.122876
https://www.instagram.com/bravenewworldmusic/,bravenewworldmusic,,,,a,DuisburgRuhrort,0,5,0.299353,0.330901,0.826347,6,6,12,6,6,12,6,0.028436,0.810427,0.236894,102.891109,0.048746
https://www.instagram.com/dackelton/,dackelto,,51.547404,6.601615,a,DuisburgRuhrort,0,5,0.304276,0.334505,264.260632,11,6,17,11,6,17,11,0.052133,0.810427,0.270142,102.891109,0.048746
https://www.instagram.com/jacqueswienicke/,jacqueswienicke,,,,a,DuisburgRuhrort,0,4,0.332734,0.365766,13.111854,9,9,18,9,9,18,9,0.042654,0.810427,0.244414,154.160667,0.073035
https://www.instagram.com/krossekrabbe_/,krossekrabbe,,51.269557,6.626169,a,DuisburgRuhrort,0,4,0.371486,0.404054,170.951222,8,7,15,8,7,15,8,0.037915,0.810427,0.254748,51.452869,0.024376
https://www.instagram.com/brinkmann.stephan/,brinkmann.stephan,,,,a,DuisburgRuhrort,2,4,0.44686,0.485135,4.537426,6,11,17,6,11,17,6,0.028436,0.810427,0.316399,51.434731,0.024368
https://www.instagram.com/melsfreshfood/,melsfreshfood,,,,a,DuisburgRuhrort,2,5,0.40305,0.455946,22.415595,12,13,25,12,13,25,12,0.056872,0.810427,0.319316,308.495761,0.146153
https://www.instagram.com/rheineis_duisburg/,rheineis_duisbur,,51.392499,6.798309,a,DuisburgRuhrort,2,4,0.473146,0.535586,65.615653,20,29,49,20,29,49,20,0.094787,0.810427,0.355341,411.405357,0.194908
https://www.instagram.com/budenglueck/,budenglueck,,,,a,DuisburgRuhrort,1,5,0.347092,0.386486,692.410523,11,9,20,11,9,20,11,0.052133,0.810427,0.310724,102.922499,0.048761
https://www.instagram.com/happyruhrgebiet/,happyruhrgebiet,,,,a,DuisburgRuhrort,1,4,0.386221,0.43964,262.02996,5,15,20,5,15,20,5,0.023697,0.810427,0.314961,51.432407,0.024367
https://www.instagram.com/immerhinmusik/,immerhinmusik,,,,a,DuisburgRuhrort,1,5,0.299353,0.317297,0,2,2,4,2,2,4,2,0.009479,0.810427,0.225338,51.432407,0.024367
https://www.instagram.com/kulturgut.pommesbude/,kulturgut.pommesbude,,,,a,DuisburgRuhrort,1,5,0.284178,0.307928,0,2,2,4,2,2,4,2,0.009479,0.810427,0.225338,51.432407,0.024367
https://www.instagram.com/offranz/,offranz,,,,a,DuisburgRuhrort,1,6,0.25802,0.273604,0,2,1,3,2,1,3,2,0.009479,0.810427,0.225338,51.432407,0.024367
https://www.instagram.com/sylviasabrowski/,sylviasabrowski,,,,a,DuisburgRuhrort,1,5,0.314626,0.33982,1.724533,3,3,6,3,3,6,3,0.014218,0.810427,0.234489,51.432407,0.024367
https://www.instagram.com/tonis_ecke/,tonis_eck,,51.432407,6.792928,a,DuisburgRuhrort,1,4,0.423341,0.466216,368.919692,3,12,15,3,12,15,3,0.014218,0.810427,0.289922,0,0
https://www.instagram.com/fabriccaespressobar/,fabriccaespressobar,,,,a,DuisburgRuhrort,2,4,0.435294,0.486036,23.093489,13,17,30,13,17,30,13,0.061611,0.810427,0.330747,411.431649,0.19492
https://www.instagram.com/callebautchocolate/,callebautchocolate,,,,a,DuisburgRuhrort,4,1,1,1,9.676923,4,1,5,4,1,5,4,0.018957,0.843602,0.27302,51.455384,0.024378
https://www.instagram.com/digihub.de/,digihub.d,,51.215767,6.751673,a,DuisburgRuhrort,3,6,0.278614,0.302793,0.225276,4,2,6,4,2,6,4,0.018957,0.810427,0.286921,154.331765,0.073116
https://www.instagram.com/dudagentur/,dudagentur,,,,a,DuisburgRuhrort,3,4,0.545723,0.647297,46.254076,11,65,76,11,65,76,11,0.052133,0.810427,0.330747,154.340497,0.073121
https://www.instagram.com/hakanmartensson/,hakanmartensson,,,,a,DuisburgRuhrort,4,1,1,1,0,2,1,3,2,1,3,2,0.009479,0.843602,0.267191,51.455384,0.024378
https://www.instagram.com/happywifelife/,happywifelife,,,,a,DuisburgRuhrort,,,,,,1,1,2,1,1,2,1,0.004739,0.810427,0.251969,51.455384,0.024378
https://www.instagram.com/heimathafenduisburg/,heimathafenduisbur,,51.454393,6.736054,a,DuisburgRuhrort,0,3,0.452323,0.473874,274.989779,4,5,9,4,5,9,4,0.018957,0.810427,0.312124,102.909807,0.048755
https://www.instagram.com/himmelsatt/,himmelsatt,,,,a,DuisburgRuhrort,2,4,0.528571,0.613964,152.400388,17,52,69,17,52,69,17,0.080569,0.810427,0.326847,359.74798,0.170435
https://www.instagram.com/ikea.duisburg/,ikea.duisbur,,51.482661,6.76378,a,DuisburgRuhrort,3,4,0.494652,0.592342,116.252773,11,51,62,11,51,62,11,0.052133,0.810427,0.340499,308.627796,0.146216
https://www.instagram.com/jameswesleyfurniture/,jameswesleyfurniture,,,,a,DuisburgRuhrort,3,0,0,0,0,2,0,2,2,0,2,2,0.009479,0.819905,0.256498,51.455384,0.024378
https://www.instagram.com/kaelte_rudi/,kaelte_rud,,48.890478,8.612411,a,DuisburgRuhrort,,,,,,1,2,3,1,2,3,1,0.004739,0.810427,0.251969,51.455384,0.024378
https://www.instagram.com/kaiserhafen/,kaiserhafe,,53.560502,8.566027,a,DuisburgRuhrort,2,4,0.427252,0.471622,5.237757,4,12,16,4,12,16,4,0.018957,0.810427,0.293608,154.395099,0.073146
https://www.instagram.com/krankikom/,krankiko,,51.435559,6.758433,a,DuisburgRuhrort,3,4,0.412946,0.463514,44.798821,10,15,25,10,15,25,10,0.047393,0.810427,0.345593,205.835017,0.097517
https://www.instagram.com/marensbuntewelt/,marensbuntewelt,,,,a,DuisburgRuhrort,2,4,0.419501,0.454505,1.904366,3,7,10,3,7,10,3,0.014218,0.810427,0.288714,154.34559,0.073123
https://www.instagram.com/melie.fit.uk/,melie.fit.uk,,,,a,DuisburgRuhrort,,,,,,1,0,1,1,0,1,1,0.004739,0.815166,0.254001,51.455384,0.024378
https://www.instagram.com/msv_hockey/,msv_hocke,,51.461429,6.778039,a,DuisburgRuhrort,3,4,0.467172,0.526126,21.973929,9,26,35,9,26,35,9,0.042654,0.810427,0.328396,154.294508,0.073099
https://www.instagram.com/msvduisburgnews/,msvduisburgnews,,,,a,DuisburgRuhrort,3,5,0.347092,0.374505,0.440304,8,3,11,8,3,11,8,0.037915,0.810427,0.320794,154.343073,0.073122
https://www.instagram.com/rheinruhrmarathon_duisburg/,rheinruhrmarathon_duisburg,,,,a,DuisburgRuhrort,3,4,0.425287,0.473423,10.152754,17,14,31,17,14,31,17,0.080569,0.810427,0.349075,360.052374,0.170579
https://www.instagram.com/stadtsportbund_duisburg/,stadtsportbund_duisbur,,51.408434,6.781402,a,DuisburgRuhrort,3,4,0.450122,0.516216,86.586675,28,26,54,28,26,54,28,0.132701,0.810427,0.368572,617.307886,0.292457
https://www.instagram.com/swissbaker.ch/,swissbaker.ch,,,,a,DuisburgRuhrort,,,,,,1,0,1,1,0,1,1,0.004739,0.815166,0.254001,51.455384,0.024378
https://www.instagram.com/toertchentoertchen/,toertchentoertchen,,,,a,DuisburgRuhrort,4,2,0.666667,0.75,16.626793,4,1,5,4,1,5,4,0.018957,0.815166,0.277092,100.345862,0.04754
https://www.instagram.com/waz_redaktion/,waz_redaktion,,,,a,DuisburgRuhrort,1,6,0.285054,0.318018,20.007774,15,6,21,15,6,21,15,0.07109,0.810427,0.344734,362.222066,0.171607
https://www.instagram.com/wohnwertservice/,wohnwertservic,,53.572754,10.01384,a,DuisburgRuhrort,,,,,,1,0,1,1,0,1,1,0.004739,0.815166,0.254001,51.455384,0.024378
https://www.instagram.com/woodworking_planning/,woodworking_planning,,,,a,DuisburgRuhrort,,,,,,1,1,2,1,1,2,1,0.004739,0.815166,0.254001,51.455384,0.024378
https://www.instagram.com/feuerwehrduisburg/,feuerwehrduisburg,,,,a,DuisburgRuhrort,3,5,0.359922,0.38982,0.924665,15,3,18,15,3,18,15,0.07109,0.810427,0.350843,257.220637,0.121861
https://www.instagram.com/gemeindehaus_ruhrort/,gemeindehaus_ruhror,,51.451583,6.738182,a,DuisburgRuhrort,5,4,0.438389,0.472973,818.169488,7,16,23,7,16,23,7,0.033175,0.810427,0.309337,154.361413,0.07313
https://www.instagram.com/marmeladekisses/,marmeladekisses,,,,a,DuisburgRuhrort,2,4,0.508242,0.579279,623.510508,15,40,55,15,40,55,15,0.07109,0.810427,0.360893,359.932623,0.170522
https://www.instagram.com/stadtwerkeduisburg/,stadtwerkeduisburg,,,,a,DuisburgRuhrort,3,4,0.465995,0.531982,118.673737,19,30,49,19,30,49,19,0.090047,0.810427,0.364692,411.492498,0.194949
https://www.instagram.com/janine_w_93/,janine_w_93,,,,a,DuisburgRuhrort,0,4,0.328597,0.354054,9.554251,5,6,11,5,6,11,5,0.023697,0.810427,0.234093,51.452869,0.024376
https://www.instagram.com/merdehappens/,merdehappens,,,,a,DuisburgRuhrort,0,3,0.454545,0.488288,1023.058151,11,12,23,11,12,23,11,0.052133,0.810427,0.310029,154.160667,0.073035
https://www.instagram.com/noahwarwelmusic/,noahwarwelmusic,,,,a,DuisburgRuhrort,0,4,0.333935,0.361261,8.020348,8,6,14,8,6,14,8,0.037915,0.810427,0.243984,102.891109,0.048746
https://www.instagram.com/cor_scher/,cor_sche,,51.485292,7.214392,a,DuisburgRuhrort,2,4,0.492021,0.570721,38.227927,7,40,47,7,40,47,7,0.033175,0.810427,0.302583,207.87059,0.098481
https://www.instagram.com/frank_schwarz_gastro_group/,frank_schwarz_gastro_grou,,51.440387,6.753894,a,DuisburgRuhrort,3,4,0.478036,0.540541,211.760565,14,30,44,14,30,44,14,0.066351,0.810427,0.332333,257.23131,0.121866
https://www.instagram.com/ingenhammshof/,ingenhammshof,,,,a,DuisburgRuhrort,3,5,0.372233,0.418108,0.801847,8,10,18,8,10,18,8,0.037915,0.810427,0.345593,154.40157,0.073149
https://www.instagram.com/criticalmass.duisburg/,criticalmass.duisburg,,,,a,DuisburgRuhrort,2,4,0.504087,0.580631,41.114048,8,42,50,8,42,50,8,0.037915,0.810427,0.323037,102.864401,0.048733
https://www.instagram.com/kentcoda/,kentcoda,,,,a,DuisburgRuhrort,0,6,0.233586,0.246847,0,3,1,4,3,1,4,3,0.014218,0.810427,0.21893,51.547404,0.024421
https://www.instagram.com/danefaecph/,danefaecph,,,,a,DuisburgRuhrort,4,2,0.75,0.833333,19.128361,3,2,5,3,2,5,3,0.014218,0.829384,0.288553,51.434731,0.024368
https://www.instagram.com/einfach_brendel/,einfach_brende,,51.436726,6.770281,a,DuisburgRuhrort,2,0,0,0,0,12,0,12,12,0,12,12,0.056872,0.815166,0.331462,310.753438,0.147223
https://www.instagram.com/rheinischepost/,rheinischepost,,,,a,DuisburgRuhrort,3,0,0,0,0,14,0,14,14,0,14,14,0.066351,0.815166,0.36897,359.985586,0.170547
https://www.instagram.com/ruhrorterhafenkids/,ruhrorterhafenkid,,51.456282,6.731138,a,DuisburgRuhrort,0,0,0,0,0,3,0,3,3,0,3,3,0.014218,0.815166,0.308829,51.454423,0.024377
https://www.instagram.com/steinhofduisburgeventlocation/,steinhofduisburgeventlocatio,,51.362594,6.750271,a,DuisburgRuhrort,3,4,0.476804,0.541892,124.335347,12,31,43,12,31,43,12,0.056872,0.810427,0.349957,257.220637,0.121861
https://www.instagram.com/heimathaeppchen/,heimathaeppchen,,,,a,DuisburgRuhrort,1,5,0.332734,0.368468,236.705757,7,8,15,7,8,15,7,0.033175,0.810427,0.332333,102.912149,0.048756
https://www.instagram.com/fakt.ag/,fakt.a,,51.443608,7.033625,a,DuisburgRuhrort,,,,,,1,1,2,1,1,2,1,0.004739,0.810427,0.224244,51.451583,0.024376
https://www.instagram.com/espresso.perfetto.germany/,espresso.perfetto.germany,,,,a,DuisburgRuhrort,2,0,0,0,0,2,0,2,2,0,2,2,0.009479,0.815166,0.287313,102.867791,0.048735
https://www.instagram.com/hochzeitslocation.de/,hochzeitslocation.de,,,,a,DuisburgRuhrort,5,4,0.432243,0.472973,202.096459,6,13,19,6,13,19,6,0.028436,0.810427,0.276613,257.167765,0.121836
https://www.instagram.com/frau.laduck/,,,,,,,2,4,0.402174,0.435135,1.038252,3,3,6,3,3,6,3,0.014218,0.810427,0.28515,102.869701,0.048736
https://www.instagram.com/spelunken_spektakel/,spelunken_spektakel,,,,a,DuisburgRuhrort,0,4,0.384615,0.458559,1263.804533,6,30,36,6,30,36,6,0.028436,0.810427,0.257589,154.224821,0.073066
https://www.instagram.com/benjaminbergenfotografie/,benjaminbergenfotografi,,47.596294,7.654278,a,DuisburgRuhrort,,,,,,1,0,1,1,0,1,1,0.004739,0.815166,0.226143,51.451583,0.024376
https://www.instagram.com/deinhochzeitsplaner/,deinhochzeitsplaner,,,,a,DuisburgRuhrort,,,,,,1,0,1,1,0,1,1,0.004739,0.815166,0.226143,51.451583,0.024376
https://www.instagram.com/die_hochzeitsplaner/,die_hochzeitsplaner,,,,a,DuisburgRuhrort,5,0,0,0,0,2,0,2,2,0,2,2,0.009479,0.815166,0.230606,51.451583,0.024376
https://www.instagram.com/die.hochzeitsplaner/,,,,,,,5,0,0,0,0,2,0,2,2,0,2,2,0.009479,0.815166,0.230606,51.451583,0.024376
https://www.instagram.com/enderulupinar/,enderulupina,,51.524673,7.021936,a,DuisburgRuhrort,5,0,0,0,0,2,0,2,2,0,2,2,0.009479,0.815166,0.227981,51.451583,0.024376
https://www.instagram.com/hochzeitsfeen/,hochzeitsfee,,47.494459,9.720269,a,DuisburgRuhrort,,,,,,1,0,1,1,0,1,1,0.004739,0.815166,0.226143,51.451583,0.024376
https://www.instagram.com/hochzeitsplaner_/,hochzeitsplaner_,,,,a,DuisburgRuhrort,,,,,,1,0,1,1,0,1,1,0.004739,0.815166,0.226143,51.451583,0.024376
https://www.instagram.com/hochzeitssaal_finder/,hochzeitssaal_finder,,,,a,DuisburgRuhrort,,,,,,1,0,1,1,0,1,1,0.004739,0.815166,0.226143,51.451583,0.024376
https://www.instagram.com/jenni_summergirl/,jenni_summergirl,,,,a,DuisburgRuhrort,5,4,0.333935,0.354955,20.847048,2,4,6,2,4,6,2,0.009479,0.810427,0.24747,51.451583,0.024376
https://www.instagram.com/ruhrturm/,ruhrtur,,51.443608,7.033625,a,DuisburgRuhrort,5,0,0,0,0,2,0,2,2,0,2,2,0.009479,0.815166,0.230606,51.451583,0.024376
https://www.instagram.com/glynt.hair/,glynt.hair,,,,a,DuisburgRuhrort,,,,,,1,0,1,1,0,1,1,0.004739,0.815166,0.280979,51.434731,0.024368
https://www.instagram.com/irislr97/,irislr97,,,,a,DuisburgRuhrort,,,,,,1,1,2,1,1,2,1,0.004739,0.810427,0.278839,51.434731,0.024368
https://www.instagram.com/kinglouiefashion/,kinglouiefashion,,,,a,DuisburgRuhrort,4,4,0.384615,0.483333,0,2,1,3,2,1,3,2,0.009479,0.819905,0.283687,51.434731,0.024368
https://www.instagram.com/lenarttgrs/,lenarttgrs,,,,a,DuisburgRuhrort,2,4,0.4102,0.444595,0,2,4,6,2,4,6,2,0.009479,0.810427,0.29867,51.434731,0.024368
https://www.instagram.com/mademoiselle_yeye/,mademoiselle_yeye,,,,a,DuisburgRuhrort,4,3,0.555556,0.666667,4,2,2,4,2,2,4,2,0.009479,0.819905,0.283687,51.434731,0.024368
https://www.instagram.com/peng_drink/,peng_drink,,,,a,DuisburgRuhrort,,,,,,1,1,2,1,1,2,1,0.004739,0.810427,0.278839,51.434731,0.024368
https://www.instagram.com/schlemmerblock_/,schlemmerblock_,,,,a,DuisburgRuhrort,,,,,,1,0,1,1,0,1,1,0.004739,0.815166,0.280979,51.434731,0.024368
https://www.instagram.com/stamps_official/,stamps_official,,,,a,DuisburgRuhrort,2,5,0.286822,0.30027,0,2,1,3,2,1,3,2,0.009479,0.810427,0.279966,51.434731,0.024368
https://www.instagram.com/stampsuhrenshop/,stampsuhrenshop,,,,a,DuisburgRuhrort,2,4,0.401302,0.432432,184.893603,3,2,5,3,2,5,3,0.014218,0.810427,0.283401,51.434731,0.024368
https://www.instagram.com/realreiners/,realreiners,,,,a,DuisburgRuhrort,0,1,1,1,83.09676,4,1,5,4,1,5,4,0.018957,0.819905,0.273829,0,0
https://www.instagram.com/neumeiermoritz/,neumeiermoritz,,,,a,DuisburgRuhrort,0,1,1,1,1.776923,3,1,4,3,1,4,3,0.014218,0.819905,0.22094,51.269557,0.02429
https://www.instagram.com/cuigmusic/,cuigmusic,,,,a,DuisburgRuhrort,,,,,,1,0,1,1,0,1,1,0.004739,0.815166,0.197477,0,0
https://www.instagram.com/heymannjakob/,heymannjakob,,,,a,DuisburgRuhrort,,,,,,1,0,1,1,0,1,1,0.004739,0.815166,0.197477,0,0
https://www.instagram.com/deine_hochzeitsplanerin/,deine_hochzeitsplaneri,,51.022802,13.826359,a,DuisburgRuhrort,,,,,,0,0,0,0,0,0,,,0,0,0,0
https://www.instagram.com/stahlkind_steel_fashion/,stahlkind_steel_fashio,,51.399255,6.667643,a,DuisburgRuhrort,,,,,,0,0,0,0,0,0,,,0,0,0,0
https://www.instagram.com/kruemelkueche/,kruemelkuech,,51.423146,6.76074,a,DuisburgRuhrort,,,,,,0,0,0,0,0,0,,,0,0,0,0
https://www.instagram.com/grammatikoff/,grammatikof,,51.43069,6.761267,a,DuisburgRuhrort,,,,,,0,0,0,0,0,0,,,0,0,0,0
https://www.instagram.com/andreasschultekemper/,andreasschultekempe,,51.443608,7.033625,a,DuisburgRuhrort,,,,,,0,0,0,0,0,0,,,0,0,0,0
https://www.instagram.com/kreativquartier_ruhrort/,kreativquartier_ruhror,,51.451583,6.738182,a,DuisburgRuhrort,,,,,,0,0,0,0,0,0,,,0,0,0,0
https://www.instagram.com/bollwerk107/,bollwerk10,,51.452869,6.640349,a,DuisburgRuhrort,,,,,,0,0,0,0,0,0,,,0,0,0,0
https://www.instagram.com/becker.schmitz/,becker.schmit,,51.474406,6.626841,a,DuisburgRuhrort,,,,,,0,0,0,0,0,0,,,0,0,0,0
